{"iter": 1, "train_loss": 7.626352310180664, "_timestamp": 1685967251.1293797, "_runtime": 48.0245578289032, "_step": 296}