{"iter": 0, "train_loss": 7.714341640472412, "lr": 1.7099999999999996e-05, "_timestamp": 1684589978.2950616, "_runtime": 32.42804455757141, "_step": 57}