{"iter": 1, "train_loss": 3.0968799591064453, "_timestamp": 1685965511.5962067, "_runtime": 63.24744272232056, "_step": 483}