{"iter": 0, "train_loss": 7.737998008728027, "lr": 4.499999999999999e-06, "_timestamp": 1684589918.3452873, "_runtime": 11.745508432388306, "_step": 15}