{"iter": 1, "train_loss": 6.931620121002197, "_timestamp": 1685965733.856191, "_runtime": 71.17351794242859, "_step": 553}