{"iter": 0, "train_loss": 7.696862697601318, "lr": 3.36e-05, "_timestamp": 1684589309.6579258, "_runtime": 63.180524826049805, "_step": 112, "_wandb": {"runtime": 61}}