{"iter": 0, "train_loss": 7.6334991455078125, "_timestamp": 1685965875.779883, "_runtime": 10.929327964782715, "_step": 51}